{
	"opportunityList" :
					[{
							"AverageRating": "3.67",
							"Name": "Notebook Basic 15",
							"Description": "Notebook Basic 15 with 2,80 GHz quad core, 15\" LCD, 4 GB DDR3 RAM, 500 GB Hard Disc, Windows 8 Pro",
							"StockQuantity": 140,
							"CurrencyCode": "USD",
							"DimensionDepth": "18",
							"DimensionHeight": "3",
							"DimensionUnit": "cm",
							"DimensionWidth": "30",
							"HasReviewOfCurrentUser": false,
							"Id": "HT-1000",
							"IsFavoriteOfCurrentUser": false,
							"MainCategoryId": "Computer Systems",
							"MainCategoryName": "Computer Systems",
							"MeasureUnit": "each",
							"Price": 956.00,
							"QuantityUnit": "EA",
							"RatingCount": 3,
							"SubCategoryId": "Notebooks",
							"SubCategoryName": "Notebooks",
							"SupplierId": "100000000",
							"SupplierName": "SAP",
							"WeightMeasure": "4.2",
							"WeightUnit": "kg"
						},
						{
							"AverageRating": "2.71",
							"Name": "Notebook Basic 17",
							"Description": "Notebook Basic 17 with 2,80 GHz quad core, 17\" LCD, 4 GB DDR3 RAM, 500 GB Hard Disc, Windows 8 Pro",
							"StockQuantity": 145,
							"CurrencyCode": "USD",
							"DimensionDepth": "17",
							"DimensionHeight": "3.1",
							"DimensionUnit": "cm",
							"DimensionWidth": "29",
							"HasReviewOfCurrentUser": false,
							"Id": "HT-1001",
							"IsFavoriteOfCurrentUser": false,
							"MainCategoryId": "Computer Systems",
							"MainCategoryName": "Computer Systems",
							"MeasureUnit": "each",
							"Price": 1249.00,
							"QuantityUnit": "EA",
							"RatingCount": 7,
							"SubCategoryId": "Notebooks",
							"SubCategoryName": "Notebooks",
							"SupplierId": "100000001",
							"SupplierName": "Becker Berlin",
							"WeightMeasure": "4.5",
							"WeightUnit": "kg"
						},
						{
							"AverageRating": "2.93",
							"Name": "Notebook Basic 18",
							"Description": "Notebook Basic 18 with 2,80 GHz quad core, 18\" LCD, 8 GB DDR3 RAM, 1000 GB Hard Disc, Windows 8 Pro",
							"StockQuantity": 148,
							"CurrencyCode": "USD",
							"DimensionDepth": "19",
							"DimensionHeight": "2.5",
							"DimensionUnit": "cm",
							"DimensionWidth": "28",
							"HasReviewOfCurrentUser": false,
							"Id": "HT-1002",
							"IsFavoriteOfCurrentUser": false,
							"MainCategoryId": "Computer Systems",
							"MainCategoryName": "Computer Systems",
							"MeasureUnit": "each",
							"Price": 1570.00,
							"QuantityUnit": "EA",
							"RatingCount": 15,
							"SubCategoryId": "Notebooks",
							"SubCategoryName": "Notebooks",
							"SupplierId": "100000002",
							"SupplierName": "DelBont Industries",
							"WeightMeasure": "4.2",
							"WeightUnit": "kg"
						},
						{
							"AverageRating": "3.11",
							"Name": "Notebook Basic 19",
							"Description": "Notebook Basic 19 with 2,80 GHz quad core, 19\" LCD, 8 GB DDR3 RAM, 1000 GB Hard Disc, Windows 8 Pro",
							"StockQuantity": 147,
							"CurrencyCode": "USD",
							"DimensionDepth": "21",
							"DimensionHeight": "4",
							"DimensionUnit": "cm",
							"DimensionWidth": "32",
							"HasReviewOfCurrentUser": false,
							"Id": "HT-1003",
							"IsFavoriteOfCurrentUser": false,
							"MainCategoryId": "Computer Systems",
							"MainCategoryName": "Computer Systems",
							"MeasureUnit": "each",
							"Price": 1650.00,
							"QuantityUnit": "EA",
							"RatingCount": 9,
							"SubCategoryId": "Notebooks",
							"SubCategoryName": "Notebooks",
							"SupplierId": "100000003",
							"SupplierName": "Talpa",
							"WeightMeasure": "4.2",
							"WeightUnit": "kg"
						},
						{
							"AverageRating": "2.64",
							"Name": "ITelO Vault",
							"Description": "Digital Organizer with State-of-the-Art Storage Encryption",
							"StockQuantity": 140,
							"CurrencyCode": "USD",
							"DimensionDepth": "22",
							"DimensionHeight": "3",
							"DimensionUnit": "cm",
							"DimensionWidth": "32",
							"HasReviewOfCurrentUser": false,
							"Id": "HT-1007",
							"IsFavoriteOfCurrentUser": false,
							"MainCategoryId": "Computer Components",
							"MainCategoryName": "Computer Components",
							"MeasureUnit": "each",
							"Price": 299.00,
							"QuantityUnit": "EA",
							"RatingCount": 11,
							"SubCategoryId": "PDAs & Organizers",
							"SubCategoryName": "PDAs & Organizers",
							"SupplierId": "100000004",
							"SupplierName": "Panorama Studios",
							"WeightMeasure": "0.2",
							"WeightUnit": "kg"
						},
						{
							"AverageRating": "2.17",
							"Name": "Notebook Professional 15",
							"Description": "Notebook Professional 15 with 2,80 GHz quad core, 15\" Multitouch LCD, 8 GB DDR3 RAM, 500 GB SSD - DVD-Writer (DVD-R/+R/-RW/-RAM),Windows 8 Pro",
							"StockQuantity": 134,
							"CurrencyCode": "USD",
							"DimensionDepth": "20",
							"DimensionHeight": "3",
							"DimensionUnit": "cm",
							"DimensionWidth": "33",
							"HasReviewOfCurrentUser": false,
							"Id": "HT-1010",
							"IsFavoriteOfCurrentUser": false,
							"MainCategoryId": "Computer Systems",
							"MainCategoryName": "Computer Systems",
							"MeasureUnit": "each",
							"Price": 1999.00,
							"QuantityUnit": "EA",
							"RatingCount": 6,
							"SubCategoryId": "Notebooks",
							"SubCategoryName": "Notebooks",
							"SupplierId": "100000005",
							"SupplierName": "TECUM",
							"WeightMeasure": "4.3",
							"WeightUnit": "kg"
						},
						{
							"AverageRating": "3.08",
							"Name": "Notebook Professional 17",
							"Description": "Notebook Professional 17 with 2,80 GHz quad core, 17\" Multitouch LCD, 8 GB DDR3 RAM, 500 GB SSD - DVD-Writer (DVD-R/+R/-RW/-RAM),Windows 8 Pro",
							"StockQuantity": 116,
							"CurrencyCode": "USD",
							"DimensionDepth": "23",
							"DimensionHeight": "2",
							"DimensionUnit": "cm",
							"DimensionWidth": "33",
							"HasReviewOfCurrentUser": false,
							"Id": "HT-1011",
							"IsFavoriteOfCurrentUser": false,
							"MainCategoryId": "Computer Systems",
							"MainCategoryName": "Computer Systems",
							"MeasureUnit": "each",
							"Price": 2299.00,
							"QuantityUnit": "EA",
							"RatingCount": 12,
							"SubCategoryId": "Notebooks",
							"SubCategoryName": "Notebooks",
							"SupplierId": "100000006",
							"SupplierName": "Asia High tech",
							"WeightMeasure": "4.1",
							"WeightUnit": "kg"
						},
						{
							"AverageRating": "5.00",
							"Name": "ITelO Vault Net",
							"Description": "Digital Organizer with State-of-the-Art Encryption for Storage and Network Communications",
							"StockQuantity": 149,
							"CurrencyCode": "USD",
							"DimensionDepth": "1.8",
							"DimensionHeight": "17",
							"DimensionUnit": "cm",
							"DimensionWidth": "10",
							"HasReviewOfCurrentUser": false,
							"Id": "HT-1020",
							"IsFavoriteOfCurrentUser": false,
							"MainCategoryId": "Computer Components",
							"MainCategoryName": "Computer Components",
							"MeasureUnit": "each",
							"Price": 459.00,
							"QuantityUnit": "EA",
							"RatingCount": 1,
							"SubCategoryId": "PDAs & Organizers",
							"SubCategoryName": "PDAs & Organizers",
							"SupplierId": "100000007",
							"SupplierName": "Laurent",
							"WeightMeasure": "0.16",
							"WeightUnit": "kg"
						},
						{
							"AverageRating": "3.00",
							"Name": "ITelO Vault SAT",
							"Description": "Digital Organizer with State-of-the-Art Encryption for Storage and Secure Stellite Link",
							"StockQuantity": 132,
							"CurrencyCode": "USD",
							"DimensionDepth": "1.7",
							"DimensionHeight": "18",
							"DimensionUnit": "cm",
							"DimensionWidth": "11",
							"HasReviewOfCurrentUser": false,
							"Id": "HT-1021",
							"IsFavoriteOfCurrentUser": false,
							"MainCategoryId": "Computer Components",
							"MainCategoryName": "Computer Components",
							"MeasureUnit": "each",
							"Price": 149.00,
							"QuantityUnit": "EA",
							"RatingCount": 6,
							"SubCategoryId": "PDAs & Organizers",
							"SubCategoryName": "PDAs & Organizers",
							"SupplierId": "100000008",
							"SupplierName": "AVANTEL",
							"WeightMeasure": "0.18",
							"WeightUnit": "kg"
						}]
}